speaker_id,gender
7ab05,f
44e28,f
b1a64,f
2fff2,f
d6ccd,m
88c80,m
ccf7a,m
0a2fe,m
bced5,m
f3efc,f
d4fa9,f
3be3a,m
6054f,f
a0028,m
14f37,f
3d027,f
d9b9c,f
da449,f
1db0f,f
09ecc,f
7e3d4,m
be485,f
9f1f5,m
1d339,m
df981,m
33901,f
45f15,f
f2ef0,f
f2931,m
c6a4f,f
3489d,m
ee3d2,m
cc837,f
3fa09,m
c8454,f
4f068,f
f4f83,f
78366,m
2f415,f
4b127,m
40381,m
0e86b,f
e8724,m
71b3e,f
23e9e,f
effa6,m
b7510,m
3a747,f
bae1a,m
d4430,m
4b05c,m
41947,m
be2e9,f
5d099,m
89f4f,f
d7784,f
47746,f
c3bd0,f
be341,m
00349,m
ac562,m
d23af,m
0b586,f
30661,f
92637,f
f71ec,f
b6ca9,f
d7f61,f
11528,f
64af4,m
501f8,f
746ff,f
2df96,f
06105,f
db538,f
23e9b,f
f2348,m
b7054,m
4a724,f
21138,m
a742b,m
d6ab0,f
6b5e6,m
589b0,m
40a63,f
02b89,m
f0169,f
c094f,m
59778,f
5b275,f
e6e7b,f
271cb,m
60ae5,m
a7c07,m
8b8a4,m
65469,f
cf582,m
3e0de,f
a3a6a,f
42cde,m
10824,f
6e92f,f
295d7,m
e3ad7,f
72337,m
cd0b3,m
dd6f8,m
85ebd,f
40953,m
ce989,m
77b4b,f
0e1e0,f
ad58a,m
ff39f,f
937dc,f
d1b3d,f
1a317,m
e3235,m
2a845,m
af4ca,f
fc853,m
3fcd4,f
5c543,f
0b370,m
a4315,f
f200a,m
290a8,m
1a1f3,m
c95d0,m
bc55f,f
9094b,f
85aeb,f
a5886,m
54242,f
80862,m
ec9a8,f
3a976,m
dca20,m
338ff,m
8e991,m
be173,f
76999,m
8eb5c,m
781cf,m
abbea,m
357e6,f
349a2,f
d0123,f
fe011,m
a08e7,m
1b014,m
ac581,f
ab81c,f
df38e,f
045af,f
34e38,m
f3204,f
b6388,m
02f82,m
93c65,m
2db87,m
bb0e6,f
bba51,m
8957e,m
e42fe,f
1575e,f
7db06,m
05d76,f
11742,m
02578,f
2b212,f
fda64,m
225dc,m
29f4f,f
fefdf,f
c2201,m
cf7b2,f
95589,m
ed4c3,f
98088,f
46a48,m
53c73,m
3d532,f
73ec9,f
32358,f
06d5c,m
0a38f,f
94b34,f
0184c,f
41a77,f
3eb66,f
babec,m
fb100,f
96564,m
781ce,f
3183b,f
b704b,m
34e56,m
55ab9,m
60906,f
4b1d7,m
c5a59,m
a6493,f
f9391,m
4b5d0,m
a3d94,m
646e1,f
15e2b,m
dabc0,m
0fcb7,m
f5954,f
227d7,f
912d1,f
1ccf9,m
309ce,m
23329,f
2e893,m
4b1be,f
b9dc2,f
190e9,f
b3dda,f
3386d,f
7f4b1,f
9d5b3,f
016b5,f
6c5e8,m
0e375,m
84afe,f
b3a0c,f
5dec9,m
03b7a,m
15cf5,f
03500,m
8af08,m
e61f1,f
b06d1,m
a7b6a,f
5b471,m
c4922,m
55c20,m
574a5,m
d1c44,f
1afa7,m
bd2b2,f
1f5ff,m
760be,f
82082,m
5a4cf,f
7d982,m
f0a29,f
4e81e,f
dff99,f
f32c3,f
206b6,f
70278,f
f3aed,m
f40d9,m
d2f72,m
77895,m
023c3,f
72b54,f
88a58,f
8b124,f
74475,f
c26e2,f
fe361,m
89130,f
92649,f
fc710,f
f3f41,f
13abb,f
b8a97,f
e5259,f
252fd,f
6064f,f
d94a9,m
d71b2,f
b3777,m
d52f0,f
8827b,f
ddb8f,f
438c8,m
09537,f
2d52b,f
87c4c,m
81570,f
ed0c5,m
0e353,m
936a6,f
8e63d,f
7b332,m
dc5ef,f
7710d,m
fa2d3,m
7ec98,f
4801b,f
e1e01,f
c6f6b,f
2ea36,f
52dbc,m
5afae,f
ff3fa,f
6996c,m
f8790,m
c34c2,m
d6d03,m
d78dd,m
7599b,m
0eee9,f
ae3ff,m
97d0a,m
4a53b,m
1913e,f
bafa0,f
9125c,f
9e6d1,m
e9148,m
ee9b8,m
3dd78,m
95997,f
3139c,f
6dcd3,f
be843,m
c28da,m
40e62,f
23c9f,m
b796c,m
409ee,m
0224d,m
476be,f
7ba10,m
a973b,m
4b215,f
bac38,f
44978,m
6f51b,m
75985,m
37790,f
d6c85,m
0622a,f
91589,m
0eea5,f
b7163,f
7374d,f
0766f,f
f0098,m
c04d5,f
f7f4f,f
2e076,f
f9563,m
cb54b,m
715da,f
a7d05,f
09bf2,f
3f57d,m
dc245,f
acbee,m
72f9d,m
2a1cd,m
30026,f
231ca,m
e47dc,m
c11e1,f
c1691,m
89830,f
c8784,f
6e111,m
361fc,m
b9679,m
778ef,m
cb1fe,f
a1577,m
880bc,m
7d7d0,f
39cc4,f
fd786,f
b136f,f
a7708,m
2bc1e,f
ffa9f,f
aa29c,f
e8ec1,m
b0095,m
b8589,f
3bfb3,f
8c558,f
8fa6b,f
a9c56,f
dd43a,m
eae99,m
d316f,f
95423,f
e0b70,f
e5fb8,m
9a1ed,f
237d4,f
8f885,m
c1715,m
4f3cd,m
7b561,f
466d8,f
17bfd,f
199c3,f
a360d,m
67c8b,f
6fa50,f
8af52,f
45feb,m
156fe,f
51515,m
e35a8,f
284b7,m
43121,f
356c8,m
3d705,m
52af9,f
655f4,m
2e800,f
791e8,f
462e8,f
5a51f,f
d945d,m
c1c21,f
a3fac,f
ed3e5,m
ce816,m
6a26f,f
237ce,f
f12ba,f
34e11,f
5556c,f
cc423,f
08a49,f
a4fcc,m
3b15d,f
68b8a,m
84048,m
12204,f
1c3b9,m
346c1,f
fea0e,m
a624d,m
019ba,f
54c3a,f
024f4,m
bfb80,f
3062b,m
f0b2e,m
0bd84,m
8c9bc,f
456e2,m
43324,m
a13a8,m
0eade,m
a6a62,m
7424f,m
32337,m
39029,m
ba1f0,f
25717,m
91403,m
dc1f3,m
91fdf,f
58355,m
ea3c6,m
663e8,f
ee066,m
f89d9,f
c26ed,f
2bdfd,m
c696a,m
21459,f
202fc,m
e9dcb,m
c5b76,m
0c839,m
fd8a1,m
3f5d5,m
